"Family","Scientific Name","Common Name","Category","Height","Width","Est Root Vol.","Surface Area (m2)","Field Size Index","Shape/Habit","Est. Crown Clearance (m)","Natural Form","Est. Lifespan (years)","Growth rate","Shade Density","Deciduous","Leaf/Fruit drop","Aspect","Powerlines","Drought","Wind","Salt","Water Req.","Drainage","Soil Types","Root Vigour","Uses","Appeal/Value","Weed Risk","Commercially Available"
"MYRTACEAE","Acmena","Broad-leaved","Australian",6,4,8,13,9,"Round","<1.5m","Bush","25-50","Moderate","Dense","No","Moderate","Full","Yes-Pruned","Moderate","High","High","Moderate","Moderate","Sand,Loam,Clay","Minor","CBD,Residential,Parks","Flowers,Attracts","Low","Yes"
"MYRTACEAE","Acmena","Lillypilly","Local",10,6,17,28,40,"Round","1.5-3m","Bush","25-50","Moderate","Dense","No","High","Full","No","Low","Moderate","Moderate","High","Moderate","Sand,Loam,Clay","Minor","Residential,Parks","Flowers,Attracts","Low","Yes"
"MYRTACEAE","Acmena","Lillypilly","Australian",6,4,8,13,9,"Oval,Round","<1.5m","Bush","25-50","Fast","Dense","No","Low","Full","Yes-Pruned","Moderate","High","Moderate","Moderate","M","Sand,Loam,Clay","Minor","Residential,Parks","Foliage,","Low","Yes"
"MYRTACEAE","Acmena","Dwarf","Local",4,3,4,7,4,"Oval,Round","<1.5m","Bush","25-50","Moderate","Dense","No","Moderate","Full","Yes-Under","Low","Moderate","Moderate","High","Moderate","Sand,Loam,Clay","Minor","Residential,Parks","Flowers,Attracts","Low","Yes"
"FABACEAE","Acrocarpus","Pink","Exotic",20,10,47,78,220,"Round,Spreading",">5m","Lateral",">50","Fast","Low","Yes","Moderate","Full","No","Moderate","Low","Moderate","High","Moderate,Well","Sand,Loam","Major","Parks","Foliage","Low","No"
"RUTACEAE","Acronychia","White","Trial",8,4,8,13,26,"Conical/Pyrimidal,Oval","1.5-3m","Bush","25-50","Slow","Dense","No","Moderate","Full","Yes-Pruned","Low","Low","Moderate","Moderate","Moderate","Sand,Loam","Minor","Residential,Parks","Foliage,Attracts","Low","No"
"SAPINDACEAE","Aesculus","Indian","Exotic",12,10,47,78,79,"Broad-domed,Spreading","<1.5m","Lateral",">50","Moderate","Dense","Semi","Moderate","Full","No","Moderate","High","Low","Moderate","Moderate,Well","Sand,Loam,Clay","Major","Parks","Flowers,Foliage","Low","Yes"
"ARUACARIACEAE","Agathis","Kauri","Australian",25,10,47,79,344,"Columnar",">5m","Vertical/Upright,Umbrella-shaped",">50","Slow","Dense","No","Low","Full","No","High","High","High","Moderate","Moderate","Sand,Loam","Major","Parks","Foliage,Bark/Trunk","Low","Yes"
"FABACEAE","Albizia","Mimosa,Silk","Exotic",12,10,47,78,79,"Vase,Spreading","1.5-3m","Lateral","25-50","Fast","Low","Yes","High","Full","No","High","Low","High","Low","Moderate,Well","Sand,Loam,Clay","Moderate","Residential,Parks","Flowers,Foliage,Attracts","Low","Yes"
"SAPINDACEAE","Alectryon","Native","Trial",8,6,17,28,26,"Broad-domed,Round","1.5-3m","Lateral","25-50","Moderate","Medium","No","Low","Full","No","Moderate","High","Low","Moderate","Moderate,Well","Sand,Loam,Clay","Minor","CBD,Residential,Parks","Foliage,Attracts","Low","No"
"SAPINDACEAE","Alectryon","Woolly","Australian",8,5,12,20,16,"Round","1.5-3m","Lateral","25-50","Moderate","Medium","No","Low","Full","No","High","High","High","Moderate","Moderate","Sand,Loam,Clay","Minor","Residential,Parks","Attracts","Low","Yes"
"CASUARINACEAE","Allocasuarina","Black","Local",15,8,30,50,38,"Oval,Round","1.5-3m","Vertical/Upright,",">50","Moderate","Medium","No","Moderate","Full","No","High","High","High","Low","Well","Sand,Loam,Clay","Moderate","Residential,Parks","Attracts","Low","Yes"
"CASUARINACEAE","Allocasuarina","Forest","Local",12,6,17,28,58,"Oval,Pendulous","1.5-3m","Lateral","25-50","Fast","Low","No","Moderate","Full","No","High","Moderate","High","Low","Poor,Moderate,Well","Sand,Loam,Clay","Moderate","Residential,Parks","Foliage,Attracts","Low","Yes"
"CASUARINACEAE","Allocasuarina","Drooping","Local",10,6,17,28,40,"Oval,Pendulous","1.5-3m","Lateral","25-50","Fast","Medium","No","Moderate","Full","No","High","Moderate","High","Low","Poor,Moderate,Well","Sand,Loam,Clay","Moderate","Residential,Parks","Foliage,Attracts","Low","Yes"
"RHAMNACEAE","Alphitonia","Red","Trial",12,6,17,28,58,"Oval,Round","1.5-3m","Lateral","25-50","Moderate","Medium","No","Low","Full","No","High","Moderate","High","Low","Well","Sand,Loam","Moderate","Residential,Parks","Flowers,Foliage,Attracts","Low","No"
"MYRTACEAE","Angophora","Smooth-barked","Local",18,12,68,113,180,"Round,Spreading",">5m","Lateral",">50","Fast","Low","No","Moderate","Full","No","High","Moderate","Moderate","Low","Well","Sand","Moderate","Parks","Flowers,Attracts","Low","Yes"
"ARUACARIACEAE","Araucaria","Cook","Australian",20,8,30,50,160,"Columnar","3-5m","Low",">50","Moderate","Medium","No","Low","Full","No","High","High","High","Low","Moderate,Well","Sand,Loam","Major","Parks","Foliage,Bark/Trunk","Low","Yes"
"ARUACARIACEAE","Araucaria","Norfolk","Australian",30,10,47,78,495,"Columnar",">5m","Vertical/Upright",">50","Moderate","Medium","No","Low","Full","No","High","High","High","Low","Moderate,Well","Sand,Loam","Major","Parks","Foliage,Bark/Trunk","Low","Yes"
"ARUACARIACEAE","Araucaria","Norfolk","Australian",25,10,47,78,325,"Conical",">5m","Vertical/Upright",">50","Moderate","Medium","No","Low","Full","No","Low","High","High","Moderate","Moderate,Well","Sand,Loam","Major","Parks","Foliage,Bark/Trunk","Low","Yes"
"ARECACEAE","Archontopheonix","Bangalow","Australian",25,9,10,17,75,"Palm",">5m","Umbrella-shaped,Vertical/Upright","25-50years","Moderate","Low","No","Moderate","Full","No","Low","High","Moderate","High","Moderate","Sand,Loam","Moderate","Residential,","Foliage","Mod","Yes"
"ERICACEAE","Arbutus","Mexican","Exotic",8,6,17,28,26,"Broad-domed,Round","1.5-3m","Bush",">50","Slow","Dense","No","Moderate","Full","No","High","High","Moderate","Low","Moderate,Well","Sand,Loam,Clay","Minor","Residential,Parks","Flowers,Foliage,Bark/Trunk,Attracts","Low","Yes"
"PITTOSPORACEAE","Auranticarpa","Hollywood","Australian",8,4,8,13,26,"Oval","1.5-3m","Bush","25-50","Fast","Medium","No","Moderate","Full","No","Moderate","Moderate","Low","Moderate","Moderate","Sand,Loam,Clay","Minor","Residential,Parks","Flowers,Foliage,Attracts","Low","Yes"
"MYRTACEAE","Backhousia","Lemon-scented","Australian",8,5,20,33,16,"Round","<1.5m","Bush","25-50","Moderate","Dense","No","Low","Full","Yes-Pruned","Low","Moderate","Moderate","Moderate","Moderate,Well","Sand,Loam,Clay","Minor","CBD,Residential,Parks","Flowers,Attracts","Low","Yes"
"MYRTACEAE","Backhousia","Ironwood","Trial",8,6,17,28,26,"Round","<1.5m","Bush",">50","Moderate","Medium","No","Low","Full","No","Low","Moderate","Moderate","Moderate","Moderate,Well","Sand,Loam","Minor","Residential,Parks","Flowers,Attracts","Low","No"
"EUPHORBIACEAE","Baloghia","Brush","Trial",6,4,8,13,14,"Oval","<1.5m","Bush",">50","Slow","Dense","No","Low","Part-shade,Shade","No","Low","Low","Low","High","Poor,Moderate,Well","Sand,Loam,Clay","Minor","Residential,Parks","Foliage,Attracts","Low","No"
"PROTEACEAE","Banksia","Coastal","Local",10,6,17,28,40,"Round","1.5-3m","Bush","25-50","Fast","Medium","No","High","Full","Yes-Pruned","High","High","High","Low","Well","Sand","Minor","Residential,Parks","Flowers,Attracts","Low","Yes"
"CAESALPINIACEAE","Barklya","Golden","Australian",10,6,17,28,40,"Oval,Pendulous","<1.5m","Bush","25-50","Moderate","Medium","No","Low","Part-shade","No","Low","Low","Moderate","Moderate","Moderate,Well","Sand,Loam,Clay","Minor","Residential,Parks","Flowers,Attracts","Low","Yes"
"FABACEAE","Bauhinia","White","Exotic",12,8,30,50,58,"Broad-domed,Round","1.5-3m","Lateral",">50","Fast","Medium","Semi","Moderate","Full","No","Moderate","Low","Low","Moderate","Moderate,Well","Sand,Loam","Minor","Residential,Parks","Flowers,Attracts","High","Yes"
"FABACEAE","Bauhinia","Hong","Exotic",10,6,17,28,40,"Broad-domed,Spreading","1.5-3m","Lateral",">50","Moderate","Medium","Semi","Low","Full","No","Moderate","Low","Low","Moderate","Moderate,Well","Sand,Loam","Minor","Residential,Parks","Flowers,Attracts","High","Yes"
"BETULACEAE","Betula","Tropical","Exotic",10,6,17,28,40,"Conical/Pyrimidal","1.5-3m","Multi-trunked,Vertical/Upright",">50","Moderate","Dense","Yes","Moderate","Full","No","Low","High","Moderate","High","Poor,Moderate","Sand,Loam,Clay","Major","Parks,Wet","Foliage,Bark/Trunk","Low","Yes"
"FABACEAE","Bolusanthus","Tree","Exotic",10,6,17,28,40,"Broad-domed,Pendulous,Round","1.5m-3m","Bush",">50","Moderate","Medium","Semi","Low","Full","No","High","High","Moderate","Low","Moderate,Well","Sand,Loam,Clay","Minor","Parks","Flowers,Foliage,Attracts","Low","Yes"
"MALVACEAE","Brachychiton","Illawarra","Local",12,6,17,28,58,"Conical/Pyrimidal,Round","1.5-3m","Low",">50","Moderate","Medium","Semi","Low","Full","No","Moderate","Low","Low","Moderate","Moderate,Well","Sand,Loam","Moderate","Residential,Parks","Flowers,Attracts","Low","Yes"
"MALVACEAE","Brachychiton","Lacebark","Australian",20,10,47,78,220,"Oval,Round","1.5-3m","Lateral",">50","Moderate","Medium","No","Low","Full","No","High","Moderate","Low","Low","Poor,Moderate,Well","Sand,Loam,Clay","Moderate","Residential,Parks","Flowers,Attracts","Low","Yes"
"MALVACEAE","Brachychiton","Kurrajong","Local",12,8,30,50,58,"Broad-domed","1.5-3m","Lateral",">50","Slow","Medium","No","Moderate","Full","No","High","High","Low","Low","Moderate,Well","Sand,Loam,Clay","Moderate","Residential,Parks","Foliage,Bark/Trunk","Low","Yes"
"MALVACEAE","Brachychiton","Kurrajong","Australian",8,4,8,13,26,"Oval","<1.5m","Lateral","25-50years","Moderate","Medium","Semi","Moderate","Full","No","High","Moderate","Low","Low","Moderate","Sand,Loam,Clay","Moderate","Residential,Parks","Flowers","Low","Yes"
"MAlVACEAE","Brachychiton","Kurrajong","Australian",8,7,23,38,28,"Broad-domed","<1.5m","Lateral","25-50years","Moderate","Medium","Semi","Moderate","Full","No","High","Moderate","Low","Low","Moderate","Sand,Loam,Clay","Moderate","Residential,Parks","Flowers","Low","Yes"
"MALVACEAE","Brachychiton","Queensland","Australian",12,6,17,28,58,"Round","1.5-3m","Lateral",">50","Slow","Medium","No","Moderate","Full","No","High","High","Moderate","Low","Poor,Moderate,Well","Sand,Loam,Clay","Moderate","Residential,Parks","Foliage,Bark/Trunk","Low","Yes"
"PHYLLANTHACEAE","Bridelia","Brush","Australian",8,4,8,13,26,"Oval,Round","<1.5m","Bush",">50","Moderate","Dense","No","Low","Part-shade","No","Low","Low","Low","Moderate","Moderate,Well-drained","Sand,Loam,Clay","Minor","Parks","Foliage,Attracts","Low","Yes"
"PROTEACEAE","Buckinghamia","Ivory","Australian",7,4,15,25,20,"Round","<1.5m","Bush","25-50","Fast","Dense","No","Low","Full","Yes-Pruned","Moderate","Low","Low","Moderate","Well","Sand,Loam","Minor","Residential,Parks","Flowers,Attracts","Low","Yes"
"MYRTACEAE","Callistemon","Bottlebrush","Australian",2,2,2,3,2,"Round","<1.5m","Bush","<25years","Slow","Low","No","Low","Full","Yes","High","High","High","Low","Poor,Moderate","Sand,Loam,Clay","Moderate","Parks,","Flowers,Attracts","Low","Yes"
"MYRTACEAE","Callistemon","Bottlebrush","Australian",5,4,8,13,20,"Round","1.5-3m","Bush","25-50years","Moderate","Low","No","Low","Full","Yes-Pruned","High","High","High","Moderate","Well","Sand,Loam,Clay","Moderate","Residential,Parks","Flowers,Attracts","Low","Yes"
"MYRTACEAE","Callistemon","Bottlebrush","Australian",4,4,8,13,12,"Round","<1.5m","Bush","25-50years","Moderate","Low","No","Low","Full","Yes-Pruned","High","High","High","Moderate","Well","Sand,Loam,Clay","Moderate","Residential,Parks","Flowers,Attracts","Low","Yes"
"MYRTACEAE","Callistemon","Bottlebrush","Australian",3,3,4,7,3,"Round","<1.5m","Bush","25-50years","Moderate","Low","No","Low","Full","Yes","High","High","High","Low","Well","Sand,Loam,Clay","Moderate","Residential,Parks","Flowers,Attracts","Low","Yes"
"MYRTACEAE","Callistemon","Bottlebrush","Australian",5,4,15,25,10,"Pendulous,Round","<1.5m","Bush","<25","Moderate","Low","No","Low","Full","Yes-Pruned","High","High","Moderate","Low","Poor,Moderate,Well","Sand,Loam,Clay","Moderate","Residential,Parks","Flowers,Attracts","Low","No"
"MYRTACEAE","Callistemon","Bottlebrush","Australian",5,3,4,7,6,"Oval","<1.5m","Bush","<25","Moderate","Low","No","Low","Full","Yes-Pruned","High","High","Moderate","Low","Poor,Moderate,Well","Sand,Loam,Clay","Moderate","Residential,Parks","Flowers,Attracts","Low","Yes"
"MYRTACEAE","Callistemon","Willow","Local",8,4,15,25,26,"Round","1.5-3m","Bush","25-50","Fast","Medium","No","Low","Full","No","High","High","Moderate","Low","Poor,Moderate,Well","Sand,Loam,Clay","Major","Residential,Parks","Flowers,Attracts","Low","Yes"
"MYRTACEAE","Callistemon","Bottlebrush","Australian",2,2,2,3,1,"Round","<1.5m","Bush","<25","Fast","Low","No","Low","Full","Yes-Pruned","High","High","High","Low","Poor,Moderate,Well","Sand,Loam,Clay","Moderate","Residential,","Flowers","Low","Yes"
"MYRTACEAE","Callistemon","Dawson","Australian",5,4,8,13,18,"Broad-domed,","1.5-3m","Weeping","25-50","Moderate","Medium","No","Low","Full","No","Moderate","Moderate","High","Moderate","Poor,Moderate,Well","Sand,Loam,Clay","Moderate","Residential,","Flowers,","Low","Yes"
"MYRTACEAE","Callistemon","Bottlebrush","Australian",4,2,2,3,8,"Oval,","<1.5m","Bush","<25","Fast","Low","No","Low","Full","No","High","High","High","Low","Poor,Moderate,Well","Sand,Loam,Clay","Moderate","Residential,","Flowers","Low","Yes"
"RUTACEAE","Calodendrum","Cape","Exotic",10,6,17,28,32,"Broad-domed","1.5-3m","Lateral",">50","Slow","Dense","No","Low","Full","No","Low","Moderate","Low","Moderate","Moderate,Well","Sand,Loam","Major","Parks","Flowers,Attracts","Low","Yes"
"JUGLANDACEAE","Carya","Pecan","Exotic",20,12,68,113,220,"Broad-domed,Spreading",">5m","Lateral",">50","Fast","Medium","Yes","Low","Full","No","Low","Moderate","Low","High","Poor,Moderate","Sand,Loam","Major","Parks,Wet","Foliage,Bark/Trunk,Edible","Low","Yes"
"FABACEAE","Cassia","Leichardt","Australian",12,8,30,50,58,"Round,Spreading","1.5-3m","Lateral",">50","Fast","Medium","Yes","High","Full","No","High","Moderate","Low","Moderate","Moderate,Well","Sand,Loam,Clay","Moderate","Residential,Parks","Flowers,Attracts","High","Yes"
"FABACEAE","Cassia","Golden","Exotic",12,8,30,50,58,"Pendulous,Round","1.5-3m","Lateral",">50","Fast","Low","Yes","High","Full","No","High","High","High","Low","Well","Sand,Loam,Clay","Minor","Residential,Parks","Flowers,Foliage","High","Yes"
"FABACEAE","Cassia","Java","Exotic",10,10,47,78,55,"Broad-domed,Spreading","3-5m","Lateral","25-50","Fast","Medium","Semi","High","Full","No","High","Moderate","Low","Moderate","Moderate,Well","Sand,Loam","Moderate","Parks","Flowers,Foliage,Attracts","High","Yes"
"FABACEAE","Castanospermum","Moreton","Australian",20,10,47,78,220,"Oval,Round","3-5m","Lateral",">50","Slow","Dense","Semi","Moderate","Full","No","Moderate","High","Low","Moderate","Well","Sand,Loam,Clay","Major","Parks","Flowers,Attracts","Low","No"
"CASUARINACEAE","Casuarina","River","Australian",25,15,34,56,250,"Oval","3-5m","Lateral",">50","Fast","Dense","No","High","Full","No","Moderate","Moderate","Moderate","High","Poor,Moderate,Well","Sand,Loam,Clay","Moderate","Parks,","Habit,","Low","Yes"
"CASUARINACEAE","Casuarina","Swamp","Local",20,10,47,76,170,"Oval","3-5m","Lateral",">50","Fast","Medium","No","High","Full","No","High","High","High","Moderate","Poor,Moderate,Well","Sand,Loam,Clay","Major","Parks,","Hardy","Low","Yes"
"BIGNONIACEAE","Catalpa","Indian","Exotic",15,12,68,113,120,"Broad-domed,Spreading","1.5-3m","Lateral","25-50","Moderate","Medium","Yes","Moderate","Full","No","High","Moderate","Low","Low","Moderate,Well","Sand,Loam,Clay","Moderate","Parks","Flowers,Attracts","Low","Yes"
"BIGNONIACEAE","Catalpa","Indian","Exotic",3,3,4,7,2,"Round","1.5-3m","Lateral","<25","Slow","Low","Yes","Moderate","Full","Yes-Under","High","Low","Low","Low","Moderate,Well","Sand,Loam,Clay","Minor","CBD,Residential,Parks","Foliage","Low","Yes"
"CANNABACEAE","Celtis","Native","Trial",10,6,17,28,40,"Round","1.5-3m","Lateral",">50","Fast","Medium","No","Moderate","Full","No","High","High","High","Low","Well","Sand,Loam","Minor","Residential,Parks","Foliage,Attracts","Low","No"
"FABACEAE","Ceratonia","Carob","Exotic",10,10,47,78,55,"Broad-domed","1.5-3m","Bush",">50","Moderate","Dense","No","Moderate","Full","No","High","Moderate","High","Low","Moderate,Well","Sand,Loam,Clay","Major","Residential,Parks","Foliage,Bark/Trunk,Edible","Low","Yes"
"CUNONIACEAE","Ceratopetalum","Coachwood","Trial",8,4,8,13,26,"Oval","<1.5m","Bush",">50","Slow","Low","No","Low","Full","No","Low","Moderate","Low","High","Poor,Moderate,Well","Sand,Loam","Minor","Residential,Parks","Flowers","Low","No"
"CUNONIACEAE","Ceratopetalum","NSW","Local",6,3,4,7,9,"Oval","<1.5m","Bush",">50","Moderate","Low","No","Low","Full","Yes-Pruned","Moderate","Low","Low","Moderate","Poor,Moderate,Well","Sand,Loam","Minor","Residential,Parks","Flowers,Attracts","Low","No"
"FABACEAE","Cercis","Judas","Exotic",8,6,17,28,26,"Round,Spreading","<1.5m","Bush",">50","Moderate","Medium","Yes","Moderate","Full","Yes-Pruned","Moderate","Low","Moderate","Moderate","Moderate,Well","Sand,Loam,Clay","Minor","Residential,Parks","Flowers,Attracts","Low","Yes"
"SAPOTACEAE","Chrysophyllum","Satin","Exotic",12,6,17,28,58,"Oval,Vase","1.5-3m","Bush",">50","Slow","Dense","No","Moderate","Full","No","Moderate","Moderate","High","Moderate","Moderate,Well","Sand,Loam,Clay","Minor","CBD,Residential,Parks","Foliage","High","No"
"LAURACEAE","Cinnamomum","Oliver's","Trial",15,6,17,28,90,"Oval","3-5m","Low",">50","Moderate","Medium","No","Low","Full","No","Low","Moderate","Low","High","Moderate","Loam","Minor","Parks","Foliage,Attracts","Low","No"
"VERBENACEAE","Citharexylum","Fiddle","Exotic",12,8,30,50,58,"Round","1.5-3m","Bush",">50","Fast","Dense","Semi","High","Full","No","Moderate","Low","Moderate","Moderate","Poor,Moderate,Well","Sand,Loam,Clay","Minor","Parks","Flowers,Foliage,Edible","High","No"
"CLETHRACEAE","Clethra","Lilly","Exotic",7,4,15,25,12,"Round","<1.5m","Bush","<25","Fast","Medium","No","Low","Part-shade,Shade","No","Low","Low","Low","Moderate","Moderate,Well","Sand,Loam","Minor","Residential,Parks","Flowers,Foliage,Attracts","Low","Yes"
"COMBRETACEAE","Conocarpus","Buttonwood","Exotic",8,6,17,28,26,"Round,Vase","1.5-3m","Bush","25-50","Moderate","Medium","No","Moderate","Full","Yes-Pruned","High","High","High","Moderate","Moderate,Well","Sand,Loam,Clay","Minor","CBD,Residential,Parks","Foliage,Bark/Trunk","Low","No"
"BORAGINACEAE","Cordia","Geiger","Exotic",6,4,8,13,9,"Round,Vase","<1.5m","Bush","25-50","Slow","Medium","No","Moderate","Full","Yes-Pruned","High","High","High","Moderate","Well","Sand,Loam","Minor","Residential,Parks","Flowers,Foliage","Low","No"
"MYRTACEAE","Corymbia","Lemon-scented","Australian",20,10,47,78,220,"Round,Spreading",">5m","Lateral",">50","Moderate","Low","No","Moderate","Full","No","High","Moderate","Low","Moderate","Moderate,Well","Sand,Loam,Clay","Major","Parks","Flowers,Attracts","High","Yes"
"MYRTACEAE","Corymbia","Dwarf","Australian",7,4,8,13,14,"Round,Spreading","1.5-3m","Vertical/Upright,","25-50","Moderate","Moderate","No","Moderate","Full","No","High","Moderate","Moderate","Moderate","Moderate","Sand,Loam,Clay","Moderate","Residential","Bark,","Low","Yes"
"MYRTACEAE","Corymbia","Yellow","Australian",20,7,23,39,60,"Round,Spreading","1.5-3m","Vertical/Upright,",">50","Fast","Moderate","No","Moderate","Full","No","High","Moderate","Moderate","Low","Moderate","Sand,Loam,Clay","Moderate","Residential","Bark,","Low","Yes"
"MYRTACEAE","Corymbia","Dwarf","Australian",6,4,8,13,11,"Round,Spreading","1.5-3m","Round","<25","Slow","Low","No","Low","Full","Yes-Pruned","High","Moderate","Moderate","Low","Moderate","Sand,Loam,Clay","Minor","Residential","Flowers","Low","Yes"
"MYRTACEAE","Corymbia","Flowering","Australian",4,3,4,7,6,"Round","<1.5m","Bush","<25","Moderate","Low","No","Low","Full","Yes","High","Moderate","Moderate","Low","High","Sand,Loam","Minor","Residential","Flowers","Low","Yes"
"MYRTACEAE","Corymbia","Flowering","Australian",3,3,4,7,6,"Round","<1.5m","Bush","<25","Moderate","Low","No","Low","Full","Yes","High","Moderate","Moderate","Low","High","Sand,Loam","Minor","Residential","Flowers","Low","Yes"
"MYRTACEAE","Corymbia","Flowering","Australian",6,4,8,13,11,"Round","<1.5m","Bush","<25","Moderate","Low","No","Low","Full","Yes-Pruned","High","Moderate","Moderate","Low","High","Sand,Loam","Minor","Residential","Flowers","Low","Yes"
"MYRTACEAE","Corymbia","Flowering","Australian",6,4,8,13,11,"Round","<1.5m","Bush","<25","Moderate","Low","No","Low","Full","Yes-Pruned","High","Moderate","Moderate","Low","High","Sand,Loam","Minor","Residential","Flowers","Low","Yes"
"MYRTACEAE","Corymbia","Flowering","Australian",6,4,8,13,11,"Round","<1.5m","Bush","<25","Moderate","Low","No","Low","Full","Yes-Pruned","High","Moderate","Moderate","Low","High","Sand,Loam","Minor","Residential","Flowers","Low","Yes"
"MYRTACEAE","Corymbia","Flowering","Australian",6,3,4,7,9,"Round","<1.5m","Bush","<25","Moderate","Low","No","Low","Full","Yes-Pruned","High","Moderate","Moderate","Low","High","Sand,Loam","Minor","Residential","Flowers","Low","Yes"
"MYRTACEAE","Corymbia","WA","Australian",6,4,8,13,11,"Round,Spreading","1.5-3m","Lateral","25-50","Moderate","Medium","No","Low","Full","Yes-Pruned","High","Moderate","Moderate","Low","Moderate,Well","Sand,Loam","Minor","Residential,Parks","Flowers,Attracts","Low","Yes"
"MYRTACEAE","Corymbia","Flowering","Australian",6,4,8,13,11,"Round","<1.5m","Bush","<25","Moderate","Low","No","Low","Full","Yes-Pruned","High","Moderate","Moderate","Low","High","Sand,Loam","Minor","Residential","Flowers","Low","Yes"
"MYRTACEAE","Corymbia","Red","Australian",25,10,47,79,113,"Oval","3-5m","Vertical/Upright,",">50","Fast","Moderate","No","Moderate","Full","Yes-Pruned","High","Moderate","Moderate","Moderate","Moderate","Sand,Loam,Clay","Moderate","Residential,Parks","Bark","Low","Yes"
"MYRTACEAE","Corymbia","Spotted","Australian",25,8,30,50,250,"Round,Spreading",">5m","Lateral",">50","Moderate","Low","No","Moderate","Full","No","High","High","Moderate","Low","Moderate,Well","Sand,Loam,Clay","Major","Park","Flowers,Attracts","Low","Yes"
"LAURACEAE","Cryptocarya","Jackwood","Trial",20,10,47,78,220,"Oval,",">5m","Low",">50","Slow","Dense","No","Moderate","Full","No","Moderate","Moderate","Low","High","Poor,Moderate,Well","Sand,Loam,Clay","Major","Parks","Foliage,Attracts","Low","No"
"LAURACEAE","Cryptocarya","Murrogun","Trial",20,10,47,78,220,"Oval,","3-5m","Low",">50","Slow","Dense","No","Moderate","Full","No","Moderate","Moderate","Low","High","Poor,Moderate,Well","Sand,Loam,Clay","Major","Parks","Foliage,Attracts","Low","No"
"SAPINDACEAE","Cupaniopsis","Tuckeroo","Local",7,5,20,33,20,"Round","1.5-3m","Multi-trunked,Lateral","25-50","Moderate","Medium","No","Moderate","Full","Yes-Pruned","High","High","High","Moderate","Moderate,Well","Sand,Loam","Minor","CBD,Residential,Parks","Attracts","High","Yes"
"THYMELAEACEAE","Dais","Pom","Exotic",8,6,17,28,26,"Round","<1.5m","Bush",">50","Fast","Dense","Semi","Low","Full","Yes-Pruned","High","High","Moderate","Low","Well","Sand,Loam","Minor","Residential,Parks","Flowers,Attracts","Low","No"
"ATHEROSPERMATACEAE","Daphnandra","Socketwood","Trial",12,6,17,28,58,"Oval","3-5m","Bush",">50","Moderate","Dense","No","Low","Full","No","Low","Moderate","Low","Moderate","Moderate,Well","Loam,Clay","Minor","Parks","Flowers,Foliage,Attracts","Low","No"
"PROTEACEAE","Darlingia","Brown","Australian",15,6,17,28,90,"Conical/Pyrimidal,Oval","1.5-3m","Bush","25-50","Fast","Low","No","Low","Full","No","Low","Low","Low","Moderate","Moderate,Well","Loam","Minor","Residential,Parks","Flowers,Attracts","Low","Yes"
"FABACEAE","Delonix","Poinciana","Exotic",10,8,30,50,40,"Broad-domed,Spreading","3-5m","Lateral","25-50","Fast","Medium","Semi","Moderate","Full","No","Moderate","Moderate","High","Moderate","Well","Sand,Loam","Major","Residential,Parks","Flowers","Low","Yes"
"FABACEAE","Delonix","Yellow","Exotic",10,8,30,50,40,"Broad-domed,Spreading","3-5m","Lateral","25-50","Moderate","Medium","Semi","Moderate","Full","No","Moderate","Moderate","High","Moderate","Well","Sand,Loam","Major","Residential,Parks","Flowers","High","Yes"
"SAPINDACEAE","Diploglottis","Native","Trial",20,10,47,78,220,"Round,Spreading",">5m","Vertical/Upright,Umbrella-shaped",">50","Slow","Medium","No","High","Full","No","Low","Moderate","Moderate","Moderate","Moderate,Well","Sand,Loam,Clay","Major","Parks","Flowers,Foliage,Attracts","Low","No"
"SAPINDACEAE","Diploglottis","Small-leaved","Australian",10,8,30,50,40,"Round","1.5m-3m","Bush",">50","Fast","Medium","No","Moderate","Part-shade","No","Low","Low","Low","Moderate","Moderate,Well","Sand,Loam,Clay","Minor","Residential,Parks","Foliage,Attracts","Low","Yes"
"ATHERASPERMATACEAE","Doryphora","Sassafras","Trial",20,8,30,50,160,"Oval",">5m","Bush",">50","Moderate","Dense","No","Low","Full","No","Low","Moderate","Low","Moderate","Moderate,Well","Loam,Clay","Moderate","Parks","Flowers,Foliage,Attracts","Low","No"
"PUTRANJIVACEAE","Drypetes","Yellow","Australian",12,6,17,28,58,"Oval,Round","1.5m-3m","Bush","25-50","Slow","Medium","No","Low","Part-shade","No","Low","Low","Low","Moderate","Well","Sand,Loam,Clay","Minor","Residential,Parks","Foliage,Attracts","Low","Yes"
"BORAGINACEAE","Ehretia","Koda","Trial",15,6,17,28,90,"Oval","3-5m","Bsuh",">50","Fast","Dense","Yes","Moderate","Full","No","Low","Moderate","Low","Moderate","Moderate,Well","Sand,Loam,Clay","Minor","Parks","Flowers,Foliage,Attracts","Low","No"
"ELAEOCARPACEAE","Elaecarpus","Blueberry","Australian",7,4,8,13,20,"Round","1.5-3m","Bush","25-50","Moderate","Low","No","Moderate","Full","Yes-Pruned","Low","Moderate","Low","Moderate","Well","Sand,Loam","Minor","CBD,Residential,Parks","Flowers,Foliage,Attracts","Low","Yes"
"ELAEOCARPACEAE","Elaeocarpus","Smooth-leaved","Australian",12,4,8,13,36,"Columnar","<1.5m","Bush",">50","Slow","Dense","No","Low","Full","No","Low","Moderate","Low","High","Moderate,Well","Sand,Loam,Clay","Minor","CBD,Residential,Parks","Foliage","Low","Yes"
"ELAEOCARPACEAE","Elaeocarpus","Pigeonberry","Trial",20,10,47,78,220,"Broad-domed,Spreading",">5m","Lateral",">50","Moderate","Dense","No","Moderate","Full","No","Low","Moderate","Low","Moderate","Poor,Moderate,Well","Sand,Loam,Clay","Major","Parks","Flowers,Foliage,Attracts","Low","No"
"ELAEOCARPACEAE","Elaeocarpus","Hard","Australian",12,6,17,28,58,"Round","1.5-3m","Bush","25-50","Moderate","Medium","No","Low","Full","No","Low","High","Moderate","Moderate","Poor,Moderate,Well","Sand,Loam,Clay","Minor","Residential,Parks","Foliage,Attracts","Low","Yes"
"ELAEOCARPACEAE","Elaeocarpus","Blueberry","Local",8,4,20,33,32,"Conical/Pyrimidal,Round","1.5-3m","Bush","25-50","Moderate","Low","No","Moderate","Full","Yes-Pruned","Low","Moderate","Low","Moderate","Well","Sand,Loam","Minor","CBD,Residential,Parks","Flowers,Foliage,Attracts","Low","Yes"
"ELAEOCARPACEAE","Elaeocarpus","Fine-leaf","Australian",3,2,2,3,2,"Oval,Round","<1.5m","Bush","<25","Slow","Low","No","Low","Full","Yes","Moderate","High","Moderate","Moderate","Well","Sand,Loam","Minor","Residential,","Foliage","Low","Yes"
"CELASTRACEAE","Elaeodendron","Red-fruited","Trial",6,4,8,13,9,"Oval,Round","<1.5m","Bush","25-50","Slow","Medium","No","Low","Full","Yes-Pruned","Moderate","High","Moderate","Low","Moderate,Well","Sand,Loam,Clay","Minor","Residential,Parks","Foliage,Attracts","Low","No"
"SAPINDACEAE","Elattostachys","White","Australian",12,6,17,28,58,"Oval","1.5-3m","Lateral",">50","Slow","Medium","No","Low","Full","No","Moderate","Moderate","Moderate","Moderate","Moderate,Well","Sand,Loam,Clay","Moderate","Residential,Parks","Attracts","Low","Yes"
"RHAMNACEAE","Emmenosperma","Yellow","Trial",15,6,17,28,90,"Oval","1.5-3m","Low","25-50","Moderate","Low","No","Moderate","Full","No","Moderate","Moderate","Low","Moderate","Moderate,Well","Sand,Loam,Clay","Minor","Residential,Parks","Flowers,Foliage,Attracts","Low","No"
"MYRTACEAE","Eucalytpus","Cabbage","Australian",20,10,47,79,200,"Oval,Round,Spreading",">5m","Lateral","25-50","Moderate","Medium","No","Moderate","Full","No","Moderate","Moderate","Low","High","Moderate,Well","Loam,Clay","Moderate","Parks","Attracts","Low","Yes"
"MYRTACEAE","Eucalyptus","Coast","Australian",30,10,47,79,330,"Oval,Round,Spreading",">5m","Lateral","25-50","Moderate","Medium","No","Moderate","Full","No","Moderate","Moderate","Low","Moderate","Moderate,Well","Loam,Clay","Moderate","Parks","Attracts","Low","Yes"
"MYRTACEAE","Eucalyptus","Southern","Australian",40,15,106,177,600,"Oval,Round,Spreading",">5m","Lateral","25-50","Moderate","Medium","No","Moderate","Full","No","Moderate","Moderate","Low","Moderate","Moderate,Well","Loam,Clay","Moderate","Parks","Attracts","Low","Yes"
"MYRTACEAE","Eucalyptus","Thin-Leaved","Australian",20,10,47,79,140,"Oval,Round,Spreading",">5m","Lateral","25-50","Moderate","Medium","No","Moderate","Full","No","Moderate","Moderate","Low","Moderate","Moderate,Well","Loam,Clay","Moderate","Parks","Attracts","Low","Yes"
"MYRTACEAE","Eucalyptus","White","Australian",30,15,106,177,270,"Oval,Round,Spreading",">5m","Lateral","25-50","Moderate","Medium","No","Moderate","Full","No","Moderate","Moderate","Low","Moderate","Moderate,Well","Loam,Clay","Moderate","Parks","Attracts","Low","Yes"
"MYRTACEAE","Eucalytpus","Woollybutt","Australian",35,15,106,177,332,"Oval,Round,Spreading",">5m","Lateral","25-50","Moderate","Medium","No","Moderate","Full","No","Moderate","Moderate","Low","Moderate","Moderate,Well","Loam,Clay","Moderate","Parks","Attracts","Low","Yes"
"MYRTACEAE","Eucalyptus","Tallowwood","Australian",40,12,68,113,400,"Oval,Round,Spreading",">5m","Lateral","25-50","Moderate","Dense","No","Moderate","Full","No","Moderate","Moderate","Low","Moderate","Moderate,Well","Loam,Clay","Moderate","Parks","Attracts","Low","Yes"
"MYRTACEAE","Eucalyptus","Grey","Australian",30,15,106,177,270,"Oval,Round,Spreading",">5m","Lateral","25-50","Moderate","Medium","No","Moderate","Full","No","Moderate","Moderate","Low","Moderate","Moderate,Well","Loam,Clay","Moderate","Parks","Attracts","Low","Yes"
"MYRTACEAE","Eucalyptus","Blackbutt","Australian",60,20,189,314,1100,"Oval,Round,Spreading",">5m","Lateral","25-50","Moderate","Medium","No","Moderate","Full","No","Moderate","Moderate","Low","Moderate","Moderate,Well","Loam,Clay","Moderate","Parks","Attracts","Low","Yes"
"MYRTACEAE","Eucalyptus","White","Australian",50,20,189,314,925,"Oval,Round,Spreading",">5m","Lateral","25-50","Fast","Medium","No","Moderate","Full","No","Moderate","Moderate","Low","High","Moderate,Well","Loam,Clay","Moderate","Parks","Attracts","Low","Yes"
"MYRTACEAE","Eucalyptus","Swamp","Australian",25,10,47,79,225,"Oval,Round,Spreading",">5m","Lateral","25-50","Moderate","Medium","No","Moderate","Full","No","Moderate","Moderate","Moderate","Moderate","Low","Sand,Loam,Clay","Moderate","Parks","Attracts","Low","Yes"
"MYRTACEAE","Eucalyptus","Sydney","Australian",50,20,189,314,900,"Oval,Round,Spreading",">5m","Lateral","25-50","Fast","Medium","No","Moderate","Full","No","Moderate","Moderate","Low","High","Moderate,","Loam,Clay","Moderate","Parks","Attracts","Low","Yes"
"MYRTACEAE","Eucalyptus","Wollongong","Australian",40,15,106,177,400,"Oval,Round,Spreading",">5m","Lateral","25-50","Moderate","Medium","No","Moderate","Full","No","Moderate","Moderate","Low","Moderate","Moderate,","Loam,Clay","Moderate","Parks","Attracts","Low","Yes"
"MYRTACEAE","Eucalyptus","Forest","Australian",20,15,106,177,240,"Oval,Round,Spreading",">5m","Lateral","25-50","Moderate","Medium","No","Moderate","Full","No","Moderate","Moderate","Low","Moderate","Moderate,","Loam,Clay","Moderate","Parks","Attracts","Low","Yes"
"ANACARDIACEAE","Euroshinus","Ribbonwood","Trial",15,8,30,50,90,"Round,Spreading","1.5-3m","Vertical/Upright",">50","Moderate","Dense","No","Low","Full","No","Moderate","High","Low","Low","Well","Sand,Loam","Moderate","Parks","Foliage,Attracts","Low","No"
"MORACEAE","Ficus","Rock","Australian",8,8,30,50,26,"Round","1.5-3m","Low","25-50","Moderate","Dense","No","Low","Full","No","High","High","Moderate","Low","Moderate,Well","Sand,Loam,Clay","Major","Residential,Parks","Foliage,Attracts","Low","Yes"
"MORACEAE","Ficus","Sandpaper","Local",15,5,11,20,45,"Oval","1.5-3m","Vertical/Upright","25-50years","Fast","Dense","No","Moderate","Full","No","Moderate","Moderate","Moderate","Moderate","Moderate","Sand,","High","Parks","Foliage,","Low","Yes"
"MORACEAE","Ficus","Moreton","Local",20,20,207,314,220,"Broad-domed","3-5m","Lateral",">50","Moderate","Dense","No","High","Full","No","Moderate","High","High","Moderate","Poor,Moderate,Well","Sand,Loam,Clay","Major","Parks,Wet","Foliage,Attracts","Low","Yes"
"MORACEAE","Ficus","Queensland","Australian",15,20,207,314,120,"Broad-domed","3-5m","Lateral",">50","Fast","Dense","No","High","Full","No","Low","High","Moderate","Moderate","Poor,Moderate,Well","Sand,Loam,Clay","Major","Parks,Wet","Foliage,Attracts","High","Yes"
"MORACEAE","Ficus","Queensland","Australian",10,4,8,13,36,"Oval","1.5-3m","Bush",">50","Fast","Dense","No","Moderate","Full","No","Low","High","Moderate","Moderate","Poor,Moderate,Well","Sand,Loam,Clay","Major","Parks,Wet","Foliage,Attracts","Low","Yes"
"MORACEAE","Ficus","Small-leaved","Trial",25,25,295,490,344,"Broad-domed","3-5m","Lateral",">50","Fast","Dense","No","High","Full","No","Moderate","High","High","Moderate","Poor,Moderate,Well","Sand,Loam,Clay","Major","Parks","Foliage,Attracts","Low","Yes"
"MORACEAE","Ficus","Small-leaved","Australian",3,3,4,7,2,"Oval,Round","<1.5m","Bush",">50","Moderate","Low","No","High","Full","Yes-Under","Moderate","High","High","Moderate","Poor,Moderate,Well","Sand,Loam,Clay","Major","Residential,Parks","Foliage,Attracts","Low","Yes"
"MORACEAE","Ficus","Desert","Australian",8,5,20,33,26,"Round","<1.5m","Bush",">50","Moderate","Medium","No","High","Full","No","Moderate","High","Moderate","Moderate","Poor,Moderate,Well","Sand,Loam,Clay","Major","Parks","Foliage,Attracts","Low","Yes"
"MORACEAE","Ficus","Rusty","Local",16,12,68,113,141,"Broad-domed","1.5-3m","Lateral",">50","Moderate","Dense","No","High","Full","No","Moderate","High","High","Moderate","Poor,Moderate,Well","Sand,Loam,Clay","Major","Parks,Wet","Foliage,Attracts","Low","Yes"
"MORACEAE","Ficus","Deciduous","Trial",15,20,207,314,120,"Broad-domed",">5m","Lateral",">50","Fast","Dense","Yes","High","Full","No","Moderate","High","High","Moderate","Poor,Moderate,Well","Sand,Loam,Clay","Major","Parks","Foliage,Attracts","Low","No"
"RUTACEAE","Flindersia","Crow's","Australian",16,12,68,113,130,"Broad-domed",">5m","Lateral",">50","Moderate","Medium","Semi","Moderate","Full","No","Low","High","Low","Moderate","Moderate","Loam,Clay","Moderate","Parks","Attracts","Low","Yes"
"RUTACEAE","Flindersia","Bennett's","Australian",15,6,17,28,90,"Conical/Pyrimidal,Oval",">5m","Low",">50","Slow","Dense","No","Low","Full","No","Low","High","Low","Moderate","Moderate","Loam,Clay","Moderate","Parks","Flowers,Foliage,Attracts","Low","Yes"
"RUTACEAE","Flindersia","Queensland","Australian",16,12,68,113,130,"Broad-domed,Spreading",">5m","Lateral",">50","Moderate","Medium","No","Moderate","Full","No","Low","High","Low","Moderate","Moderate","Loam,Clay","Moderate","Parks","Attracts","Low","Yes"
"RUTACEAE","Flindersia","Cudgerie,Silver","Australian",20,20,207,314,220,"Broad-domed,Spreading",">5m","Lateral",">50","Moderate","Medium","No","Moderate","Full","No","Low","High","Low","Moderate","Moderate","Loam,Clay","Moderate","Parks","Attracts","Low","Yes"
"RUTACEAE","Flindersia","Yellow","Australian",20,8,30,50,160,"Oval,Round",">5m","Low",">50","Slow","Medium","No","Low","Full","No","Low","High","Low","Moderate","Moderate","Loam,Clay","Moderate","Parks","Foliage,Attracts","Low","Yes"
"THEACEAE","Franklinia","Fried","Exotic",6,4,8,13,14,"Round","1.5-3m","Bush",">50","Slow","Medium","No","Low","Full","Yes-Pruned","Moderate","Low","Low","Moderate","Moderate","Sand,Loam,Clay","Minor","Residential,Parks","Flowers,Bark/Trunk","Low","Yes"
"OLEACEAE","Fraxinus","Claret","Exotic",12,8,30,50,58,"Round","3-5m","Lateral","25-50","Moderate","Medium","Yes","Low","Full","No","Moderate","Moderate","Low","Moderate","Moderate,Well","Sandy,Loam,Clay","Major","Parks","Foliage,Bark/Trunk","Low","Yes"
"OLEACEAE","Fraxinus","Claret","Exotic",10,8,30,50,40,"Round","1.5-3m","Lateral","25-50","Moderate","Medium","Yes","Low","Full","No","High","High","Low","Moderate","Moderate,Well","Sandy,Loam,Clay","Major","CBD,Parks","Foliage,Bark/Trunk","Low","Yes"
"RUTACEAE","Geijera","Wilga","Australian",8,4,15,25,26,"Round","1.5-3m","Bush","25-50","Slow","Medium","No","Low","Full","Yes-Pruned","High","High","Low","Low","Poor,Moderate,Well","Sand,Loam,Clay","Moderate","Residential,Parks","Foliage,Attracts","Low","Yes"
"RUTACEAE","Geijera","Brush","Trial",12,8,30,50,58,"Broad-domed,Round","1.5-3m","Bush",">50","Moderate","Dense","No","Low","Full","No","High","High","Moderate","Low","Moderate,Well","Sandy,Loam,Clay","Minor","Residential,Parks","Flowers,Foliage,Attracts","Low","No"
"PHYLLANTHACEAE","Glochidion","Cheese","Local",10,8,17,28,40,"Round","1.5-3m","Lateral",">50","Fast","Medium","No","Moderate","Full","No","Moderate","Moderate","Moderate","Moderate","Poor,Moderate,Well","Sand,Loam,Clay","Minor","Residential,Parks","Foliage,Attracts","Low","No"
"LAMIACEAE","Gmelina","White","Trial",15,10,47,78,124,"Round",">5m","Lateral",">50","Fast","Medium","Yes","Moderate","Full","No","Moderate","Low","Low","Moderate","Moderate,Well","Sand,Loam,Clay","Minor","Parks","Flowers,Foliage,Attracts","Low","No"
"PROTEACEAE","Grevillea","Brown","Australian",10,4,8,13,36,"Oval","1.5-3m","Bush","25-50","Moderate","Medium","No","Low","Full","No","Moderate","Low","Low","Moderate","Well","Sand,Loam","Major","Residential,Parks","Flowers,Attracts","High","Yes"
"PROTEACEAE","Grevillea","White","Australian",12,6,17,28,58,"Oval","<1.5m","Bush",">50","Fast","Medium","No","Low","Full","No","Low","Low","Low","Moderate","Well","Sand,Loam","Minor","Residential,Parks","Flower,Attracts","Low","Yes"
"SAPINDACEAE","Guioa","Guioa","Trial",6,4,8,13,14,"Round","1.5-3m","Lateral","25-50","Fast","Dense","No","Moderate","Full","No","High","High","High","Low","Poor,Moderate,Well","Sand,Loam,Clay","Minor","CBD,Residential,Parks","Foliage,Attracts","Low","No"
"SAPINDACEAE","Harpullia","Blunt","Australian",12,8,30,50,58,"Round","1.5-3m","Lateral","25-50","Fast","Dense","No","Moderate","Full","No","Low","Moderate","Low","Moderate","Poor,Moderate,Well","Sand,Loam,Clay","Minor","Residential,Parks","Foliage","Low","Yes"
"SAPINDACEAE","Harpullia","Tulipwood","Australian",10,6,17,28,40,"Round","3m","Lateral","25-50","Fast","Medium","No","Low","Full","No","Low","Moderate","Low","Moderate","Poor,Moderate,Well","Sand,Loam,Clay","Minor","Residential,Parks","Foliage","Low","Yes"
"MALVACEAE","Hibiscus","Green","Australian",7,5,20,33,20,"Round","<1.5m","Bush","<25","Moderate","Dense","No","Moderate","Full","Yes-Pruned","High","High","High","Low","Well","Sand,Loam","Moderate","Residential,Parks","Flowers","Low","Yes"
"MALVACEAE","Hibiscus","Bronze","Australian",6,4,8,13,14,"Round","<1.5m","Bush","<25","Moderate","Dense","No","Moderate","Full","Yes-Pruned","Moderate","High","High","Low","Well","Sand,Loam","Moderate","Residential,Parks","Flowers","Low","Yes"
"PITTOSPORACEAE","Hymenosporum","Native","Australian",8,4,8,13,26,"Oval","1.5-3m","Bush","25-50","Fast","Medium","No","Low","Full","No","Low","Low","Low","Moderate","Moderate,Well","Sand,Loam","Minor","Residential,Parks","Flowers,Foliage,Attracts","Low","Yes"
"BIGNONIACEAE","Jacaranda","Jacaranda","Exotic",12,8,30,50,58,"Round,Spreading","1.5-3m","Lateral",">50","Fast","Medium","Semi","Low","Full","No","Moderate","Low","Low","Moderate","Poor,Moderate,Well","Sand,Loam,Clay","Moderate","Residential,Parks","Flowers","High","Yes"
"BIGNONIACEAE","Jacaranda","Jacaranda","Exotic",12,8,30,50,58,"Round,Spreading","1.5-3m","Lateral",">50","Fast","Medium","Semi","Low","Full","No","Moderate","Low","Low","Moderate","Poor,Moderate,Well","Sand,Loam,Clay","Moderate","Residential,Parks","Flowers","High","Yes"
"CUPPRESSACEAE","Juniperus","Green","Exotic",10,4,8,13,36,"Columnar","<1.5m","Bush",">50","Moderate","Medium","No","Low","Full","No","High","High","Moderate","Moderate","Moderate,Well","Sand,Loam,Clay","Minor","Residential,Parks","Foliage","Low","Yes"
"LYTHRACEAE","Lagerstoemia","Crepe","Exotic",4,3,4,7,4,"Round,Vase","<1.5m","Multi-trunked,Low","25-50","Fast","Low","Yes","Low","Full","Yes-Pruned","High","Moderate","Moderate","Low","Moderate,Well","Sand,Loam,Clay","Minor","CBD,Residential,Parks","Flowers,Bark/Trunk","Low","Yes"
"LYTHRACEAE","Lagerstroemia","White","Exotic",3,3,4,7,2,"Round,Vase","<1.5m","Multi-trunked,Low","25-50","Fast","Low","Yes","Low","Full","Yes-Under","High","Moderate","Moderate","Low","Moderate,Well","Sand,Loam,Clay","Minor","CBD,Residential,Parks","Flowers,Bark/Trunk","Low","No"
"LYTHRACEAE","Lagersroemia","Crepe","Exotic",4,3,4,7,3,"Vase","<1.5m","Multi-trunked,Low","25-50","Fast","Low","Yes","Low","Full","Yes-Pruned","Moderate","Moderate","Moderate","Low","Moderate","Sand,Loam,Clay","Minor","CBD,Residential,Parks","Flowers,Bark/Trunk","Low","Yes"
"LYTHRACEAE","Lagerstroemia","Crepe","Exotic",6,4,15,25,14,"Round,Vase","1.5-3m","Multi-trunked,Low","25-50","Fast","Low","Yes","Low","Full","Yes-Pruned","High","Moderate","Moderate","Low","Moderate,Well","Sand,Loam,Clay","Minor","Residential,Parks","Flowers,Bark/Trunk","Low","Yes"
"LYTHRACEAE","Lagerstroemia","Queen's","Exotic",12,8,30,50,58,"Round","1.5-3m","Lateral",">50","Fast","Medium","No","Low","Full","No","Moderate","Moderate","Low","Moderate","Moderate,Well","Sand,Loam","Moderate","Residential,Parks","Flowers,Bark/Trunk","Low","Yes"
"LYTHRACEAE","Lagerstroemia","Crepe","Exotic",6,4,8,13,14,"Round,Vase","1.5-3m","Multi-trunked,Low","25-50","Fast","Low","Yes","Low","Full","Yes-Pruned","High","Moderate","Moderate","Low","Moderate,Well","Sand,Loam,Clay","Minor","CBD,Residential,Parks","Flowers,Bark/Trunk","Low","Yes"
"LYTHRACEAE","Lagerstroemia","Crepe","Exotic",3,3,4,7,3,"Round,Vase","<1.5m","Multi-trunked,Low","25-50","Fast","Low","Yes","Low","Full","Yes-Pruned","Moderate","Moderate","Moderate","Low","Moderate,Well","Sand,Loam,Clay","Minor","CBD,Residential,Parks","Flowers,Bark/Trunk","Low","Yes"
"LYTHRACEAE","Lagerstroemia","Crepe","Exotic",4,3,4,7,3,"Round,Vase","<1.5m","Multi-trunked,Low","25-50","Fast","Low","Yes","Low","Full","Yes-Pruned","Moderate","Moderate","Moderate","Low","Moderate,Well","Sand,Loam,Clay","Minor","CBD,Residential,Parks","Flowers,Bark/Trunk","Low","Yes"
"MYRTACEAE","Leptospermum","Tea","Australian",3,2,2,3,3,"Round","<1.5m","Bush","<25","Fast","Low","No","Low","Full","Yes","Moderate","Moderate","Moderate","Moderate","Moderate,Well","Sand,Loam,Clay","Minor","Residential","Attracts","Low","Yes"
"MYRTACEAE","Leptospermum","Tea","Australian",3,2,2,3,3,"Round","<1.5m","Bush","<25","Fast","Low","No","Low","Full","Yes","Moderate","Moderate","Moderate","Moderate","Moderate,Well","Sand,Loam,Clay","Minor","Residential","Attracts","Low","Yes"
"FABACEAE","Libidibia","Leopard","Exotic",12,8,30,50,58,"Round,Spreading","3-5m","Lateral",">50","Fast","Low","Semi","High","Full","No","High","High","High","Moderate","Moderate,Well","Sand,Loam,Clay","Major","Parks","Flowers","High","Yes"
"MALVACEAE","Liriodendron","Tulip","Exotic",20,12,68,113,220,"Conical/Pyrimidal",">5m","Lateral",">50","Fast","Moderate","Yes","Moderate","Full","No","Low","High","Moderate","High","Poor,Moderate,Well","Loam,Clay","Major","Parks","Flowers,Foliage","Low","Yes"
"ARECACEAE","Livistona","Cabbage","Local",20,4,8,13,160,"Palm",">5m","Umbrella-shaped,Vertical/Upright",">50","Slow","Low","No","Moderate","Full","No","Low","High","Moderate","Moderate","Poor,Moderate,Well","Sand,Loam","Minor","Residential,Parks","Foliage,Bark/Trunk","Low","No"
"MYRTACEAE","Lophostemon","Qld","Australian",15,10,47,78,124,"Broad-domed",">5m","Lateral",">50","Moderate","Dense","No","Moderate","Full","No","High","High","Moderate","Low","Moderate,Well","Sand,Loam,Clay","Major","Residential,Parks","Flowers,Attracts","Low","Yes"
"PROTEACEAE","Macadamia","Queensland","Australian",12,6,74,123,78,"Upright/Vertical","1.5-3m","Vertical/Upright","25-50","Moderate","High","No","Moderate","Full","No","Low","Moderate","Low","Moderate","Well","Sand,Loam,Clay","Moderate","Residential,","Fruit,","Low","Yes"
"PROTEACEAE","Macadamia","Bauple","Australian",18,6,74,123,153,"Upright/Vertical","1.5-3m","Vertical/Upright","25-50years","Moderate","High","No","Moderate","Full","No","Low","Moderate","Low","Moderate","Well","Sand,","Moderate","Residential,","Fruit,","Low","Yes"
"PROTEACEAE","Macadamia","Macadamia","Australian",10,6,17,28,40,"Oval,Round","<1.5m","Bush",">50","Moderate","Medium","No","Moderate","Full","No","High","Moderate","Low","Moderate","Well","Sand,Loam","Moderate","Residential,Parks","Flowers,Attracts","Low","No"
"MAGNOLIACEAE","Magnolia","Golden","Exotic",10,6,17,28,40,"Oval,Round","<1.5m","Bush",">50","Fast","Medium","No","Moderate","Full","No","Low","Low","Moderate","Moderate","Moderate,Well","Sand,Loam,Clay","Minor","CBD,Residential,Parks","Flowers,Attracts","Low","No"
"MAGNOLIACEAE","Magnolia","White","Exotic",8,4,8,13,26,"Oval","<1.5m","Bush",">50","Fast","Medium","No","Moderate","Full","No","Low","Low","Moderate","Moderate","Moderate,Well","Sand,Loam,Clay","Minor","CBD,Residential,Parks","Flowers,Attracts","Low","Yes"
"MAGNOLIACEAE","Magnolia","Chinese","Exotic",6,3,4,7,9,"Oval","<1.5m","Bush",">50","Moderate","Medium","No","Low","Full","No","Moderate","Moderate","Low","Moderate","Moderate,Well","Loam","Minor","Residential,Park","Flowers,Attracts","Low","No"
"MAGNOLIACEAE","Magnolia","Chinese","Exotic",5,3,4,7,6,"Round","<1.5m","Bush","25-50","Moderate","Low","No","Low","Full","Yes-Under","Moderate","Low","Low","Moderate","Moderate,Well","Loam","Minor","Residential,Park","Flowers,Attracts","Low","Yes"
"MAGNOLIACEAE","Magnolia","Chinese","Exotic",4,3,4,7,4,"Round","<1.5m","Bush","25-50","Moderate","Low","No","Low","Full","Yes-Under","Moderate","Moderate","Low","Moderate","Moderate,Well","Loam","Minor","Residential,Park","Flowers,Attracts","Low","Yes"
"MAGNOLIACEAE","Magnolia","Port","Exotic",4,3,4,7,4,"Round","<1.5m","Bush",">50","Moderate","Low","No","Low","Full","Yes-Under","Moderate","Low","Low","Moderate","Moderate,Well","Loam","Minor","Residential,Park","Flowers,Attracts","Low","Yes"
"MAGNOLIACEAE","Magnolia","Bull","Exotic",25,15,106,177,225,"Upright/Vertical,Broad-domed","1.5-3m","Umbrella-shaped,Vertical/Upright",">50","Slow","High","No","Moderate","Full","No","Moderate","Moderate","Low","Moderate","Moderate,Well","Sand,Loam,Clay","Moderate","Parks","Flowers","Low","Yes"
"MAGNOLIACEAE","Magnolia","Bull","Exotic",12,6,17,28,58,"Round","1.5-3m","Lateral",">50","Moderate","Medium","No","Moderate","Full","No","Low","Moderate","Moderate","Moderate","Moderate,Well","Sand,Loam,Clay","Moderate","Parks","Flowers,Foliage,Attracts","Low","Yes"
"MAGNOLIACEAE","Magnolia","Bull","Exotic",8,4,8,13,26,"Oval","<1.5m","Bush",">50","Moderate","Medium","No","Moderate","Full","No","Low","Moderate","Moderate","Moderate","Moderate,Well","Sand,Loam,Clay","Moderate","Residential,Parks","Flowers,Foliage,Attracts","Low","Yes"
"MAGNOLIACEAE","Magnolia","Bull","Exotic",3,2,2,3,2,"Fastigiate","<1.5m","Low","25-50","Slow","Low","No","Moderate","Full","Yes","Moderate","Moderate","Low","Moderate","Well","Loam,Clay","Minor","Residential","Flowers,Foliage","Low","Yes"
"MAGNOLIACEAE","Magnolia","Bull","Exotic",3,2,2,3,2,"Conical","<1.5m","Low","25-50","Slow","Low","No","Moderate","Full","Yes","Moderate","Moderate","Low","Moderate","Well","Loam,Clay","Minor","Residential","Flowers,Foliage","Low","Yes"
"MAGNOLIACEAE","Magnolia","Bull","Exotic",4,3,4,7,3,"Oval,Fastigiate","<1.5m","Low","25-50","Slow","Low","No","Moderate","Full","Yes-Pruned","Moderate","Moderate","Low","Moderate","Well","Loam,Clay","Minor","Residential","Flowers,Foliage","Low","Yes"
"MAGNOLIACEAE","Magnolia","Red","Exotic",12,6,17,28,58,"Oval","1.5-3m","Bush","25-50","Slow","Medium","No","Low","Full","No","Low","Low","Low","Moderate","Moderate,Well","Sand,Loam,Clay","Minor","Residentisal,Parks","Flowers,Attracts","Low","Yes"
"MAGNOLIACEAE","Magnolia","Sweet","Exotic",6,4,8,13,9,"Round","<1.5m","Bush",">50","Moderate","Dense","No","Low","Full","No","Low","Low","Low","Moderate","Moderate,Well","Sand,Loam,Clay","Moderate","Residential,Parks","Flowers,Attracts","Low","Yes"
"EUPHORBIACEAE","Mallotus","Red","Trial",8,6,17,28,26,"Round","<1.5m","Bush",">50","Moderate","Medium","No","Moderate","Full","No","Moderate","Moderate","Moderate","Moderate","Moderate,Well","Sand,Loam,Clay","Minor","Parks","Rare","Low","No"
"MYRTACEAE","Melaleuca","Honey","Australian",6,4,8,13,14,"Round","1.5-3m","Bush","<25","Fast","Medium","No","Low","Full","Yes-Pruned","High","High","High","Low","Poor,Moderate,Well","Sand,Loam,Clay","Moderate","Residential,Parks,Wet","Foliage,Attracts","Low","Yes"
"MYRTACEAE","Melaleuca","Honey","Australian",6,4,8,13,14,"Round","1.5-3m","Bush","<25","Fast","Medium","No","Low","Full","Yes-Pruned","High","High","High","Low","Poor,Moderate,Well","Sand,Loam,Clay","Moderate","Residential,Parks,Wet","Foliage,Attracts","Low","No"
"MYRTACEAE","Melaleuca","White","Local",10,6,8,13,26,"Round","3-5m","Low","25-50","Moderate","Medium","No","Low","Full","No","High","High","High","Moderate","Poor,Moderate,Well","Sand,Loam,Clay","Major","Residential,Parks,Wet","Attracts","Low","Yes"
"MYRTACEAE","Melaleuca","Snow","Local",10,6,8,13,26,"Round","3-5m","Low","25-50","Moderate","Medium","No","Low","Full","No","High","High","High","Moderate","Poor,Moderate,Well","Sand,Loam,Clay","Major","Residential,Parks,Wet","Attracts","Low","Yes"
"MYRTACEAE","Melaleuca","Weeping","Australian",15,10,47,79,128,"Pendulous","1.5-3m","Vertical/Upright,",">50","Moderate","Medium","No","Low","Full","No","Moderate","Moderate","Moderate","Moderate","Poor,Moderate,Well","Sand,Loam,Clay","Moderate","Parks","Attracts","Low","Yes"
"MYRTACEAE","Melaleuca","Paperbark","Australian",20,12,68,113,200,"Round","1.5-3m","Vertical/Upright",">50","Moderate","Medium","No","Low","Full","No","Moderate","High","Moderate","Moderate","Poor,Moderate,Well","Sand,Loam,Clay","Major","Parks","Attracts","Low","Yes"
"MYRTACEAE","Melaleuca","Prickly-leaved","Local",8,6,17,28,26,"Broad-domed","3-5m","Low","25-50","Moderate","Medium","No","Low","Full","No","High","High","High","Moderate","Poor,Moderate,Well","Sand,Loam,Clay","Major","Residential,Parks,Wet","Attracts","Low","Yes"
"MELIACEAE","Melia","White","Local",10,8,17,28,40,"Round,Spreading","1.5-3m","Lateral",">50","Fast","Medium","Yes","High","Full","No","High","Low","High","Moderate","Moderate,Well","Sand,Loam","Moderate","Parks","Flowers,Flowers,Attracts","High","Yes"
"RUTACEAE","Melicope","Pink","Australian",10,6,17,28,40,"Oval,Round","1.5-3m","Bush","25-50","Fast","Medium","No","Low","Full","No","High","Moderate","Low","Moderate","Well","Sand,Loam","Major","Residential,Parks","Flowers,Attracts","High","Yes"
"RUTACEAE","Melicope","Doughwood","Trial",10,6,17,28,40,"Round","1.5-3m","Bush","25-50","Fast","Medium","No","High","Full","No","Moderate","High","Low","Low","Well","Sand,Loam","Moderate","Parks","Flowers,Attracts","Low","No"
"FABACEAE","Millettia","Indian","Exotic",10,8,30,50,40,"Pendulous,Round","1.5-3m","Lateral","25-50","Fast","Dense","Semi","Moderate","Full","No","Moderate","High","Moderate","Moderate","Moderate,Well","Sand,Loam,Clay","Moderate","Residential,Parks","Flowers,Foliage,Attracts","High","Yes"
"PRIMULACEAE","Mimusops","Spanish","Australian",15,10,47,78,124,"Broad-domed,Round","1.5-3m","Lateral",">50","Moderate","Dense","No","Low","Full","No","Moderate","High","High","Moderate","Moderate","Sand,Loam","Moderate","Parks","Flowers,","Low","Yes"
"PRIMULACEAE","Myrsine","Brush","Trial",8,4,8,13,26,"Oval","<1.5m","Bush","25-50","Fast","Medium","No","Low","Full","Yes-Pruned","Moderate","High","Moderate","Moderate","Moderate,Well","Sand,Loam,Clay","Minor","Residential,Parks","Attracts","Low","No"
"NYSSACEAE","Nyssa","Tupelo","Exotic",15,6,17,28,90,"Conical/Pyrimidal,Oval","1.5-3m","Lateral",">50","Slow","Medium","Yes","Moderate","Full","No","High","High","Moderate","Low","Poor,Moderate,Well","Sand,Loam,Clay","Moderate","Parks,Wet","Foliage","Low","Yes"
"FABACEAE","Pararchidendron","Snowwood","Trial",10,6,17,28,40,"Round,","3-5m","Low","25-50","Fast","Low","No","Moderate","Full","No","Moderate","Moderate","Low","Moderate","Moderate,Well","Sand,Loam,Clay","Moderate","Residential,Parks","Flowers,Foliage,Attracts","Low","No"
"FABACEAE","Peltophorum","Yellow","Exotic",15,15,106,177,120,"Broad-domed,Spreading","3-5m","Lateral",">50","Fast","Dense","Semi","Moderate","Full","No","Moderate","Moderate","Moderate","High","Moderate,Well","Sand,Loam,Clay","Major","Parks","Flowers","Low","Yes"
"ROSACEAE","Photinia","Red","Exotic",6,4,8,13,9,"Round","<1.5m","Bush",">50","Fast","Dense","No","Low","Full","Yes-Pruned","High","High","Moderate","Moderate","Moderate,Well","Sand,Loam,Clay","Minor","Residential,Parks","Flowers,Foliage,Attracts","Low","Yes"
"ANACARDIACEAE","Pistacia","Pistachio","Exotic",8,6,17,28,26,"Round","1.5-3m","Lateral",">50","Slow","Dense","yes","Low","Full","No","High","High","High","Low","Moderate,Well","Sand,Loam","Moderate","CBD,Residential,Parks","Foliage","Low","Yes"
"SAPOTACEAE","Planchonella","Black","Trial",15,6,17,28,90,"Oval","1.5-3m","Low",">50","Slow","Dense","No","Moderate","Full","No","Moderate","Moderate","Moderate","Moderate","Moderate,Well","Sand,Loam,Clay","Minor","Residential,Parks","Foliage,Attracts","Low","No"
"PLATANACEAE","Platanus","London","Exotic",20,12,68,113,220,"Broad-domed",">5m","Lateral",">50","Fast","Dense","Yes","High","Full","No","High","High","Low","Low","Moderate,Well","Sand,Loam,Clay","Major","Parks","Foliage,Bark/Trunk","Low","Yes"
"PLATANACEAE","Platanus","Cutleaf","Exotic",15,12,68,113,124,"Broad-domed",">5m","Low",">50","Fast","Dense","Yes","High","Full","No","High","High","Low","Low","Moderate,Well","Sand,Loam,Clay","Major","Parks","Foliage,Bark/Trunk","Low","Yes"
"APOCYNACEAE","Plumeria","Frangipani","Exotic",6,3,4,7,9,"Round,Vase","<1.5m","Multi-trunked,Umbrella-shaped,Vertical/Upright","<25","Slow","Low","Yes","Moderate","Full","Yes-Pruned","Low","Low","High","Moderate","Well","Sand,Loam","Minor","Residential,Parks","Flowers,Foliage,Attracts","Low","Yes"
"PODOCARPACEAE","Podocarpus","Plum","Trial",15,6,17,28,90,"Conical/Pyrimidal,Oval","3-5m","Bush",">50","Slow","Dense","No","Low","Full","No","High","High","Moderate","Low","Moderate,Well","Sand,Loam","Moderate","CBD,Residential,Parks","Foliage","Low","Yes"
"ESCALLONIACEAE","Polyosma","Featherwood","Trial",10,6,17,28,40,"Conical/Pyrimidal,Oval","<1.5m","Low",">50","Slow","Medium","No","Moderate","Part-shade,Shade","No","Low","Moderate","Low","High","Poor,Moderate,Well","Loam,Clay","Minor","Parks","Foliage,Attracts","Low","No"
"ARALIACEAE","Polyscias","Celerywood","Trial",8,4,8,13,26,"Oval,Spreading",">5m","Multi-trunked,Umbrella-shaped,Vertical/Upright","25-50","Fast","Medium","No","Moderate","Full","No","Low","Low","Low","Moderate","Moderate,Well","Sand,Loam,Clay","Minor","Residential,Parks","Foliage,Attracts","Low","No"
"PODOCARPACEAE","Prumnopitys","Mt","Australian",10,4,8,13,36,"Columnar","<1.5m","Bush",">50","Slow","Medium","No","Low","Full","No","Moderate","High","Low","Moderate","Moderate,Well","Sand,Loam","Minor","Residential,Parks","Foliage","Low","Yes"
"ROSACEAE","Prunus","Floweing","Exotic",3,3,4,7,2,"Broaddomed/Umbrella","<1.5m","Low","25-50","Moderate","Low","Yes","Low","Full","Yes","Moderate","Moderate","Low","Moderate","Moderate,Well","Loam,Clay","Minor","Residential","Flowers","Low","Yes"
"ROSACEAE","Pyrus","Ornamental","Exotic",11,7,23,38,48,"Conical","1.5-3m","Lateral","25-50","Fast","Medium","Yes","Low","Full","No","High","Moderate","Moderate","Moderate","Poor,Moderate,Well","Sand,Loam,Clay","Moderate","CBD,Residential,Parks","Foliage","Low","Yes"
"ROSACEAE","Pyrus","Ornamental","Exotic",12,10,47,78,79,"Broad-domed","1.5-3m","Lateral","25-50","Fast","Medium","Yes","Low","Full","No","High","Moderate","Moderate","Moderate","Poor,Moderate,Well","Sand,Loam,Clay","Moderate","CBD,Residential,Parks","Foliage","Low","Yes"
"ROSACEAE","Pyrus","Ornamental","Exotic",10,3,4,7,25,"Columnar","<1.5m","Low","25-50","Fast","Medium","Yes","Low","Full","No","High","Moderate","Moderate","Moderate","Poor,Moderate,Well","Sand,Loam,Clay","Minor","CBD,Residential,Parks","Foliage","Low","Yes"
"ROSACEAE","Pyrus","Ornamental","Exotic",10,5,20,33,40,"Columnar","1.5-3m","Low","25-50","Moderate","Medium","Yes","Low","Full","No","High","Moderate","Moderate","Moderate","Poor,Moderate,Well","Sand,Loam,Clay","Minor","CBD,Residential,Parks","Foliage","Low","Yes"
"FAGACEAE","Quercus","Holly","Exotic",15,10,47,78,124,"Broad-domed,Round","1.5m-3m","Bush",">50","Slow","Dense","No","Moderate","Full","No","High","High","Moderate","Low","Moderate,Well","Sand,Loam,Clay","Minor","CBD,Residential,Parks","Foliage","Low","Yes"
"RUBIACEAE","Randia","Native","Australian",8,3,4,7,16,"Oval","<1.5m","Low","25-50","Moderate","Medium","No","Low","Full","Yes-Pruned","Moderate","Low","Moderate","High","Moderate,Well","Sandy,Loam,Clay","Minor","Residential,Parks","Foliage,Attracts","Low","Yes"
"ANACARDIACEAE","Rhodosphaera","Deep","Australian",12,8,30,50,58,"Round","1.5-3m","Lateral",">50","Slow","Dense","No","High","Full","No","Moderate","Low","Low","High","Moderate,Well","Sandy,Loam","Minor","Residential,Parks","Flowers,Attracts","Low","Yes"
"RUBIACEAE","Rothmannia","September","Exotic",5,4,15,25,10,"Round","<1.5m","Bush","25-50","Moderate","Dense","No","Low","Full","Yes-Pruned","Moderate","Moderate","Moderate","Moderate","Moderate,Well","Loam","Minor","Residential,Parks","Flowers,Foliage,Attracts","Low","No"
"RUTACEAE","Sarcomelicope","Yellow","Trial",12,6,17,28,58,"Round","1.5-3m","Lateral",">50","Moderate","Medium","No","Moderate","Full","No","High","High","Low","Low","Well","Sand,Loam","Moderate","Residential,Parks","Flowers,Bark/Trunk,Attracts","Low","No"
"BIGNONIACEAE","Spathodea","African","Exotic",15,12,68,113,124,"Oval,Round","1.5-3m","Low",">50","Fast","Medium","Semi","Moderate","Full","No","Low","Low","Moderate","Moderate","Well","Sand,Loam","Moderate","Parks","Flowers","High","No"
"BIGNONIACEAE","Spathodea","African","Exotic",15,12,68,113,124,"Oval,Round","1.5-3m","Low",">50","Fast","Medium","Semi","Moderate","Full","No","Low","Low","Moderate","Moderate","Well","Sand,Loam","Moderate","Parks","Flowers","High","No"
"PROTEACEAE","Stenocarpus","Scrub","Trial",8,4,8,13,26,"Oval","<1.5m","Bush",">50","Moderate","Low","No","Low","Full","No","Moderate","Moderate","Low","Low","Well","Sand,Loam","Moderate","Residential,Parks","Flowers,Foliage,Attracts","Low","No"
"PROTEACEAE","Stenocarpus","Firewheel","Australian",10,4,8,13,36,"Oval","1.5-3m","Low","25-50","Slow","Low","No","Low","Full","No","Low","Moderate","Low","Moderate","Moderate,Well","Sand,Loam,Clay","Minor","Residential,Parks","Flowers,Attracts","Low","Yes"
"MORACEAE","Streblus","Whalebone","Trial",10,6,17,28,40,"Round,Vase","1.5-3m","Low",">50","Slow","Medium","No","Low","Full","No","High","High","Low","Low","Moderate,Well","Sand,Loam","Moderate","Residential,Parks","Foliage,Attracts","Low","No"
"FABACEAE","Styphnolobium","Japanese","Exotic",12,10,47,78,79,"Round,Vase","3-5m","Umbrella-shaped,Vertical/Upright",">50","Moderate","Medium","Yes","Moderate","Full","No","High","Moderate","Moderate","Moderate","Moderate,Well","Sand,Loam,Clay","Minor","Residential,Parks","Flowers,Foliage,Attracts","Low","Yes"
"MYRTACEAE","Syncarpia","Turpentine","Local",20,8,30,50,160,"Broad-domed,Round",">5m","Lateral",">50","Moderate","Dense","No","Low","Full","No","Moderate","High","Low","Low","Poor,Moderate,Well","Sand,Loam,Clay","Major","Parks","Flowers,Bark/Trunk,Attracts","Low","Yes"
"MYRTACEAE","Syzygium","Brush","Local",10,8,30,50,40,"Broad-domed","1.5-3m","Lateral","25-50","Fast","Dense","No","Moderate","Full","No","Moderate","High","Moderate","Moderate","Moderate,Well","Sand,Loam,Clay","Moderate","Parks","Flowers,Attracts","Low","No"
"MYRTACEAE","Syzygium","Brush","Australian",6,3,8,13,9,"Oval","<1.5m","Bush","25-50","Fast","Dense","No","Moderate","Full","No","Moderate","High","Moderate","Moderate","Moderate,Well","Sand,Loam,Clay","Moderate","Residential,Parks","Flowers,Attracts","Low","Yes"
"MYRTACEAE","Syzygium","Cascade","Australian",3,3,4,7,2,"Pendulous,Round,Spreading","<1.5m","Bush","25-50","Fast","Dense","No","Moderate","Full","Yes","Low","Moderate","Low","Moderate","Moderate,Well","Sand,Loam,Clay","Minor","Residential,Parks","Flowers,Foliage,Attracts","Low","Yes"
"MYRTACEAE","Syzygium","Giant","Australian",30,25,295,490,360,"Broad-domed,","1.5m-3m","Umbrella-shaped,Vertical/Upright",">50","Moderate","Dense","No","Moderate","Full","No","Low","Low","Low","High","Moderate","Loam,Clay","Moderate","Parks","Specimen","Low","Yes"
"MYRTACEAE","Syzygium","Small-leaved","Australian",10,6,17,28,40,"Oval","<1.5m","Bush","25-50","Moderate","Medium","No","Moderate","Full","No","Low","Low","Moderate","Moderate","Moderate,Well","Sand,Loam,Clay","Moderate","Residential,Parks","Flowers,Attracts","Low","Yes"
"BIGNONIACEAE","Tabebuia","Silver","Exotic",8,4,8,13,26,"Oval","3-5m","Lateral",">50","Slow","Medium","Semi","Low","Full","No","High","Moderate","Moderate","Moderate","Moderate,Well","Sand,Loam,Clay","Minor","Residential,Parks","Flowers","High","Yes"
"BIGNONIACEAE","Tabebuia","Yellow","Exotic",12,8,30,50,58,"Round","3-5m","Lateral",">50","Slow","Medium","Semi","Low","Full","No","High","Moderate","Moderate","Moderate","Moderate,Well","Sand,Loam,Clay","Minor","Residential,Parks","Flowers","High","No"
"BIGNONIACEAE","Tabebuia","White","Exotic",6,4,8,13,9,"Round","1.5-3m","Lateral","25-50","Moderate","Medium","Semi","Low","Full","No","High","Moderate","Moderate","Moderate","Moderate,Well","Sand,Loam,Clay","Minor","Residential,Parks","Flowers","High","Yes"
"BIGNONIACEAE","Tabebuia","Pink","Exotic",8,5,20,33,26,"Round","3-5m","Lateral",">50","Slow","Medium","Semi","Low","Full","No","High","Moderate","Moderate","Moderate","Moderate,Well","Sand,Loam,Clay","Minor","CBD,Residential,Parks","Flowers","High","Yes"
"BIGNONIACEAE","Tabebuia","Rosy","Exotic",10,6,17,28,40,"Round","3-5m","Lateral","25-50","Slow","Medium","Semi","Low","Full","No","High","Moderate","Moderate","Moderate","Moderate,Well","Sand,Loam,Clay","Minor","Residential,Parks","Flowers","High","Yes"
"CUPPRESSACEAE","Taxodium","Bald","Exotic",20,8,30,50,160,"Conical/Pyrimidal,Spreading","1.5m-3m","Low",">50","Fast","Low","Yes","Moderate","Full","No","Low","High","Moderate","High","Poor,Moderate,Well","Sand,Loam,Clay","Major","Parks,Wet","Foliage,Bark/Trunk","Low","Yes"
"MELASTOMATACEAE","Tibouchina","Lasiandra","Exotic",6,4,8,13,9,"Round","<1.5m","Bush","<25","Fast","Low","No","Low","Full","Yes-Pruned","Moderate","Low","Low","Moderate","Moderate,Well","Sand,Loam","Minor","Residential,Parks","Flowers","Low","Yes"
"MELIACEAE","Toona","Red","Trial",25,10,47,78,325,"Round,Spreading",">5m","Lateral",">50","Fast","Dense","Yes","Moderate","Full","No","Moderate","Moderate","Low","Moderate","Poor,Moderate,Well","Sand,Loam,Clay","Major","Parks","Foliage,Attracts","Low","No"
"MYRTACEAE","Tristaniopsis","Water","Local",10,6,17,28,40,"Round","1.5-3m","Bush","25-50years","Slow","Medium","No","Low","Full","No","Moderate","Moderate","High","High","Poor,Moderate,Well","Sand,Loam,Clay","Minor","CBD,Residential,Parks","Flowers,Attracts","Low","Yes"
"MYRTACEAE","Tristaniopsis","Water","Australian",8,4,8,13,26,"Oval","<1.5m","Bush","<25","Slow","Medium","No","Low","Full","Yes-Pruned","Moderate","Moderate","High","High","Poor,Moderate,Well","Sand,Loam,Clay","Minor","Residential,Parks","Flowers,Foliage","Low","Yes"
"ULMACEAE","Ulmus","Chinese","Exotic",18,20,189,314,88,"Broad-domed","1.5-3m","Weeping",">50","Fast","Dense","Yes","High","Full","No","Low","Moderate","Low","Moderate","Moderate","Loam,Clay","Moderate","Parks","Foliage,Bark","Moderate","Yes"
"ULMACEAE","Ulmus","Chinese","Exotic",9,7,23,38,32,"Round","1.5-3m","Lateral",">50","Moderate","Medium","Yes","Moderate","Full","No","Moderate","High","Low","Moderate","Moderate,Well","Sand,Loam","Moderate","CBD,Residential,Parks","Foliage,Bark/Trunk","Low","Yes"
"ULMACEAE","Ulmus","Chinese","Exotic",10,10,47,78,55,"Broad-domed","1.5-3m","Lateral",">50","Moderate","Medium","Yes","Moderate","Full","No","Moderate","High","Low","Moderate","Moderate,Well","Sand,Loam","Moderate","Residential,Parks","Foliage,Bark/Trunk","Low","Yes"
"ULMACEAE","Ulmus","Chinese","Exotic",15,10,47,78,120,"Pendulous,Round","<1.5m","Lateral",">50","Moderate","Medium","Yes","Moderate","Full","No","Moderate","High","Low","Moderate","Moderate,Well","Sand,Loam","Moderate","Parks","Foliage,Bark/Trunk","Low","Yes"
"ADOXACEAE","Viburnum","Sweet","Exotic",6,4,8,13,9,"Round","<1.5m","Bush","25-50","Moderate","Dense","No","Low","Full","Yes-Pruned","Moderate","Moderate","High","Moderate","Moderate,Well","Sand,Loam,Clay","Minor","Residential,Parks","Flowers,Foliage","Low","Yes"
"LAMIACEAE","Vitex","New","Exotic",12,10,47,78,79,"Round","1.5m-3m","Low",">50","Moderate","Medium","No","Low","Full","No","Moderate","Moderate","High","Moderate","Moderate","Loam","Moderate","Parks","Flowers,Foliage","Low","No"
"MYRTACEAE","Waterhousia","Weeping","Australian",25,20,188,314,188,"Broad-domed,","1.5m-3m","Umbrella-shaped,Vertical/Upright",">50","Moderate","Dense","No","Low","Full","No","Low","Moderate","Moderate","Moderate","Moderate","Loam,Clay","Moderate","Residential,","Foliage","Low","Yes"
"MYRTACEAE","Waterhousea","Weeping","Australian",12,10,47,78,79,"Round","3-5m","Bush","25-50","Fast","Medium","No","Low","Full","No","Low","Moderate","Low","Moderate","Moderate,Well","Sand,Loam,Clay","Moderate","CBD,Residential,Parks","Flowers,Foliage,Attracts","Low","Yes"
"MYRTACEAE","Waterhousea","Weeping","Australian",10,8,30,50,40,"Round","1.5-3m","Bush","25-50","Fast","Medium","No","Low","Full","No","Low","Moderate","Low","Moderate","Moderate,Well","Sand,Loam,Clay","Moderate","CBD,Residential,Parks","Flowers,Foliage,Attracts","Low","Yes"
"MYRTACEAE","Xanthostemon","Golden","Australian",10,6,17,28,40,"Oval","<1.5m","Bush","25-50","Moderate","Low","No","Low","Full","No","Low","Low","Low","Moderate","Moderate,Well","Sand,Loam,Clay","Minor","CBD,Residential,Parks","Flowers,Attracts","Low","Yes"
"SALICACEAE","Xylosma","Shiny","Exotic",5,3,4,7,6,"Oval,Round","<1.5m","Bush","25-50","Fast","Low","No","Low","Full","Yes-Under","High","Moderate","Moderate","Low","Well","Sand,Loam,Clay","Minor","Residential,Parks","Foliage","Low","Yes"
"ULMACEAE","Zelkova","Japanese","Exotic",14,10,47,78,108,"Round,Vase","3-5m","Vertical/Upright","25-50","Fast","Medium","Yes","High","Full","No","Moderate","High","Low","Moderate","Moderate,Well","Sand,Loam,Clay","Moderate","CBD,Residential,Parks","Foliage,Bark/Trunk","Low","Yes"
"ULMACEAE","Zelkova","Japanese","Exotic",10,6,17,28,40,"Round,Vase","1.5-3m","Umbrella-shaped,Vertical/Upright","25-50","Fast","Medium","Yes","High","Full","No","Moderate","High","Low","Moderate","Moderate,Well","Sand,Loam,Clay","Moderate","CBD,Residential,Parks","Foliage,Bark/Trunk","Low","Yes"
"ULMACEAE","Zelkova","Japanese","Exotic",7,9,38,64,20,"Round,Vase","1.5-3m","Umbrella-shaped,Vertical/Upright","25-50","Fast","Medium","Yes","High","Full","Yes-Pruned","Moderate","High","Low","Moderate","Moderate,Well","Sand,Loam,Clay","Moderate","CBD,Residential,Parks","Foliage,Bark/Trunk","Low","Yes"
